insert into "Registration"."Person" (pin, first_name, last_name, password, address, email, phone_number)
values 
	('98513241', 'Rosie', 'Delacruz', '327914', '1234 Main St', 'RD@email.com', '000-000-0000'),
	('41236346', 'Jorge', 'Erickson', '616435', '1234 Example St', 'GE@email.com', '000-000-0000'),
	('93428713', 'Roger', 'Sykes', '157456', '1234 Example St', 'RS@email.com', '000-000-0000'),
	('32187189', 'Jenson', 'White', '613447', '1234 Example St', 'JW@email.com', '000-000-0000'),
	('14269834', 'Wanda', 'Gallegos', '153453', '1234 Example St', 'WG@email.com', '000-000-0000'),
	('32196871', 'Jeff', 'Garrett', '338561', '1234 Example St', 'JG@email.com', '000-000-0000'),	
	('29776353', 'Iva', 'Harrison', '917692', '1234 Example St', 'IH@email.com', '000-000-0000'),
	('83678572', 'Antoinette', 'Butler', '987132', '1234 Example St', 'AB@email.com', '000-000-0000'),
	('48298615', 'Naomi', 'Wu', '612379', '1234 Example St', 'NW@email.com', '000-000-0000'),	
	('10986523', 'Harley', 'Navarro', '159732', '1234 Example St', 'HN@email.com', '000-000-0000'),
	('32107423', 'Lulu', 'Poole', '163465', '1234 Example St', 'LP@email.com', '000-000-0000');


insert into "Registration"."Student" (pin, year, emergency_contact)
values 
	('98513241', 'Junior', '111-111-1111'),
	('41236346', 'Freshman', '111-111-1111'),
	('32187189', 'Junior', '111-111-1111'),
	('32107423', 'Senior', '111-111-1111');


insert into "Registration"."Instructor" (pin, department)
values 
	('93428713', 'Math'),
	('32196871', 'History'),	
	('29776353', 'Philosophy'),
	('83678572', 'Biology'),
	('48298615', 'Physics'),	
	('14269834', 'Computer Science');


insert into "Registration"."Course" (subject, course_number, title, credits, description)
values 
	('CSC', '130', 'Introduction to Computer Science', 3, 'Programming in a high-level language. Emphasis on problem analysis, problem-solving techniques, and software design principles and techniques.'),
	('CSC', '230', 'Elementary Data Structures and Algorithms', 4, 'Advanced syntax of high level language taught in CSC 130. Emphasis on modularization and abstraction. Big-O analysis of algorithms. Design and use of abstract data types with various implementations.'),
	('CSC', '250', 'Foundations of Computer Science I', 3, 'An introduction to the fundamental ideas underlying contemporary computer science with a focus on the computation and construction of objects.'),
	('CSC', '261', 'Computer Organization and Assembly Language', 3, 'Introduction to the organization of the computer through the use of Assembly Language programming. Data representation, parts of the computer system, Assembly Language fundamentals, instruction sets, memory, and floating-point operations.'),
	('CSC', '330', 'Advanced Data Structures', 3, 'Static and dynamic data structures emphasizing binary trees and graphs. Advanced programming techniques. Advanced sorting and searching algorithms. Hashing techniques. Performance analysis. Methods of developing large applications programs.'),
	('CSC', '339', 'Concepts of Programming Languages', 3, 'Concepts of block-structured, object-oriented, functional, logic, and concurrent programming languages. Comparative study of syntactic and semantic features of these languages and writing programs using them.'),
	('CSC', '340', 'Software Engineering', 4, 'Practical and theoretical concepts of software engineering.'),
	('CSC', '350', 'Foundations of Computer Science II', 4, 'High level concepts in the theoretical foundations of computer science.'),
	('CSC', '362', 'System Programming', 3, 'System programming with emphasis on processes, memory management, multithreaded programming, synchronization and deadlocks, interprocess communication, parallel and distributed computing, networking, files systems, security, signals, and virtualization containers.'),
	('CSC', '452', 'Theory of Computation', 3, 'Finite state automata and regular expressions, context-free grammars, push-down automata and their use in parsing, overview of language translation systems, models for programming language semantics, computability and undecidability.'),
	('CSC', '462', 'Principles of Operating Systems', 4, 'Techniques and strategies used in operating system design and implementation: managing processes, input/output, memory, scheduling, file systems, and protection.'),
	('CSC', '471', 'Principles of Database Systems', 4, 'Contemporary database systems. Emphasis on query processing, design, and implementation of applications in relational (SQL) databases. Introduction to other database models such as XML, object-oriented, and deductive.'),
	('CSC', '490', 'Senior Capstone', 3, 'Application of classroom knowledge and skills in computer science to solve real-world problems and to develop research and development skills.'),
	('CSC', '425', 'Bioinformatics', 3, 'Introduction to the problems and methods in Bioinformatics. Problem areas include restriction mapping, map assembly, sequencing, DNA arrays, and sequence comparison.'),
	('CSC', '429', 'Artificial Intelligence', 4, 'Logical foundations, knowledge representation and reasoning, search, and selected topics such as natural language processing and reasoning under uncertainty.'),
	('CSC', '439', 'Introduction to Compiler Design', 4, 'Basic techniques of compiler design and implementation: lexical analysis, parsing, code generation. Sizable programming project implementing a compiler for a block-structured language with strong typing.'),
	('CSC', '442', 'Human-Computer Interface Development', 4, 'Survey of concepts and techniques for human-computer interface development. Topics include user-centered design, user interface programming, and usability evaluation.');


insert into "Registration"."Course" (subject, course_number, title, credits, description)
values 
	('MAT', '150', 'Precalculus I', 4, 'Review of elementary algebra, equations, inequalities, relations, functions, transformations, graphing, complex numbers, polynomial and rational functions.'),
	('MAT', '151', 'Precalculus II', 4, 'Properties, graphs, and applications of exponential, logarithmic, trigonometric functions.'),
	('MAT', '191', 'Calculus I', 3, 'Limits and introductory differential calculus of the algebraic and transcendental functions of one variable.'),
	('MAT', '220', 'Plane and Solid Analytic Geometry', 3, 'Study of conic sections (including rotation of axes), graphing with polar coordinates, quadric surfaces, and vectors.'),
	('MAT', '292', 'Calculus II', 3, 'Introductory integral calculus of the algebraic and transcendental functions of one variable, techniques of integration.'),
	('MAT', '293', 'Calculus III', 3, 'Infinite sequences and series, conic sections, polar coordinates, vectors in dimensions two and three, vector-valued functions.'),
	('MAT', '253', 'Discrete Mathematical Structures', 3, 'A rigorous introduction to discrete mathematical structures, proof techniques, and programming. Topics include sets, functions, sequences, relations, induction, propositional and predicate logic, modular arithmetic, and mathematical programming.'),
	('MAT', '310', 'Elementary Linear Algebra', 3, 'Linear systems, matrices, determinants, eigenvalues and eigenvectors, finite-dimensional vector spaces, linear transformations.'),
	('MAT', '313', 'Historical Development of Math', 4, 'Study of the historical development of Math, not a history of persons involved in development.'),
	('MAT', '320', 'Introduction to Topology', 4, 'Metric spaces, continuity, equivalence of various types of definitions of continuity, convergence, compactness, connectedness, topological spaces.'),
	('MAT', '322', 'Linear Programming', 3, 'Covers simplex computational procedure, minimum feasible solutions, artificial-basis technique, slack variables, perturbation techniques, cycling, parametric objective and dual problems, sensitivity analysis, and decomposition algorithms.'),
	('MAT', '330', 'Axiomatic Foundations of Geometry', 3, 'Axiomatic systems, logic and proof, incidence geometries, absolute geometries, Euclidean geometry, and an introduction to non-Euclidean geometries and transformational geometry.'),
	('MAT', '349', 'Preparation for Industrial Careers in Mathematical Sciences', 4, 'This course prepares mathematical sciences students for industrial careers by engaging them in research problems that come directly from industry.'),
	('MAT', '353', 'Introduction to Discrete Math', 4, 'Elementary graph theory, combinatorics, partially ordered sets.'),
	('MAT', '390', 'Ordinary Differential Equations', 4, 'First order differential equations and linear equations of finite order, Laplace transforms, undetermined coefficients, variation of parameters, applications, numerical methods.'),
	('MAT', '394', 'Calculus IV', 3, 'Multivariable functions, partial differentiation, multiple integrals, vector calculus.'),
	('MAT', '490', 'Senior Seminar in Math', 4, 'Reading, formally writing, giving oral presentations on topics in Math, including current Math literature.');


insert into "Registration"."Course" (subject, course_number, title, credits, description)
values 
	('HIS', '101', 'Contemporary World', 3, 'This course explores the historical background behind major issues of the contemporary world, including: colonialism/decolonization; the Cold War and other global conflicts; genocide; religious fundamentalism; and the role of women.'),
	('HIS', '203', 'History of Africa to 1870', 4, 'Early African empires, the spread of Islam, European exploration, the Atlantic slave trade and its effects, slavery in Africa, white settlement in South Africa.'),
	('HIS', '204', 'History of Africa since 1870', 3, 'Colonial partition, missionaries, wars of resistance, styles of colonial rule, development and underdevelopment, independence movements and de-colonization, neo-colonialism, capitalism and socialism, civil wars, apartheid in South Africa. '),
	('HIS', '208', 'Topics on the West and the Modern World', 3, 'Transnational themes in modern continental European history explored in a world context, such as: Emigration and Immigration; Nation States and National Identities; History of "Development"; European Expansion and Colonial Empires.'),
	('HIS', '209', 'Topics in Modern World History', 3, 'Transnational themes in modern African, Asian, or Latin American/Caribbean history explored in a world context, such as: Borderlands, Frontier, and Cultural Change; Contradictions of Colonial Experience; Gender, Labor, and Modernization.'),
	('HIS', '308', 'Navigating World History', 3, 'Introduction to and overview of world history, ca. 8000 BCE to the present. Prepares Social Studies Licensure majors to teach world history at the middle grades and high school level.'),
	('HIS', '309', 'Unity and Unrest in Medieval Towns', 4, 'Examines the ways in which the towns of Medieval Europe constructed social unity and the ways in which that unity was threatened by cultural change and social unrest. '),
	('HIS', '312', 'The Crusades', 4, 'Social, political, and religious causes of crusading: events of the crusades (1097–1250); impact of the crusades on Christian Europe and the Muslim Near East.'),
	('HIS', '313', 'The Viking Age', 3, 'Examines the Scandinavian peoples of Europe during the Viking Age (750-1150), with focus on the internal culture, religion, and politics of Scandinavia and on external raids and colonization. '),
	('HIS', '315', 'Witchcraft and Magic in European History', 3, 'Examination of witchcraft beliefs and persecution as a way of studying the social history of Europe before industrialization. Emphasizes the "Witch Craze" of the sixteenth and seventeenth centuries. '),
	('HIS', '316', 'Interpreting American History', 4, 'Examination of a broad variety of primary source evidence and historiographical methods for studying the American past from the colonial era through the twentieth century.'),
	('HIS', '323', 'American Indians and Nature', 4, 'Examines the interaction of American Indians and nature from before European arrival today.'),
	('HIS', '401', 'Individual Study', 3, 'Directed program of reading or research. Available to qualified students upon the recommendation of an instructor and approval of department head.'),
	('HIS', '403', 'African American History: Selected Topics', 3, 'Examination of selected topics in black history including African beginnings, slavery, racial attitudes, and civil rights.'),
	('HIS', '412', 'Public History', 4, 'A history of Americas past through museums (indoor and outdoor); collections and their interpretation; exhibitions and park and wilderness areas.'),
	('HIS', '414', 'Topics in World History', 4, 'Selected topics in world history such as migration, religions, human and/or environmental interaction, imperialism, trade, urbanism, frontiers, and global networks.'),
	('HIS', '430', 'Historical Methods for Social Studies Teachers', 4, 'Introduction to research methods in history for social studies licensure students. Students write a research paper based on primary source evidence.');


insert into "Registration"."Course" (subject, course_number, title, credits, description)
values 
	('PHI', '111', 'Introduction to Philosophy', 3, 'Discussion of views and methods of major philosophers. Topics drawn from metaphysics and epistemology, such as the foundations and scope of human knowledge, personal identity, freedom and determinism, and the mind-body problem.'),
	('PHI', '115', 'Critical Thinking', 4, 'Introduction to basic principles of reasoning and argumentation. Topics taken from syllogistic reasoning, probability, informal fallacies, the structural analysis of statements, and scientific methods.'),
	('PHI', '119', 'Introduction to Ethics', 3, 'Fundamental questions of ethics, such as the nature of the distinction between good and evil, moral right and wrong, the foundation of moral judgments, relativism, absolutism, and subjectivism. Readings from major figures in the history of ethics.'),
	('PHI', '132', 'Free Will', 3, 'A Foundations Course looking at different conceptions of free will and what implications these have for how we evaluate the morality of actions. Readings from historical and contemporary sources.'),
	('PHI', '202', 'Arguing About …', 3, 'This is a variable topic, debate-oriented course, with different themes in different semesters. Please contact the department, or see Banner, for information about a specific semester. Themes may include philosophical perspectives on: contemporary moral issues, ethical theory, topics in religion, political theory, the nature of free will, and so on.'),
	('PHI', '220', 'Medical Ethics', 3, 'Moral problems in medicine including the patients right to know, the confidentiality of doctor-patient communications, informed consent and experimentation with human subjects, abortion, euthanasia, socialized medicine, conflicts between medicine and religion, and genetic engineering.'),
	('PHI', '222', 'Ethics in the Computer Age', 4, 'The course will survey select moral problems arising from computer technology in contemporary life, focusing on analysis of specific problems, stakeholders, and consequences, and the historical impact of computer technology.'),
	('PHI', '224', 'Philosophy of Race and Gender', 4, 'This course provides historical background for understanding racial inequalities, focuses on the concepts of race and gender and how they are connected to racism and sexism, and explores the concept of intersectionality.'),
	('PHI', '225', 'Philosophy of Bodies', 3, 'This course deals with philosophical questions regarding the human body, especially the ways in which how a normal body is defined impacts how we think about health, wellness, and disability. We will also look at imaginative alternatives for defining the human body, its possibilities, and its boundaries.'),
	('PHI', '301', 'Topics in Philosophy', 3, 'Variable content.'),
	('PHI', '310', 'Introduction to Formal Logic', 4, 'Validity, consistency, implication, and the formal analysis of language. Propositional logic and quantification theory.'),
	('PHI', '319', 'Knowledge, Truth, and Belief', 4, 'Discussion of concepts central to an understanding of the nature of human knowledge, such as truth, evidence, certainty, intuition, perception, the reasonableness of belief, and the reliability theory of justification.'),
	('PHI', '322', 'Philosophy of the Arts', 3, 'Philosophical problems concerning description, interpretation, and evaluation of the visual, performing, and literary arts, discussed generally and in relation to specific works of art. Readings in philosophy and art theory.'),
	('PHI', '336', 'Philosophy of Crime and Punishment', 3, 'Critical discussion of philosophical questions raised by criminal law, including the moral justification of punishment, the theoretical underpinnings of various criminal defenses, and the conceptual distinctions among types of crimes.'),
	('PHI', '401', 'Reading Course for Seniors', 4, 'Supervised reading and research for philosophy majors.'),
	('PHI', '402', 'Independent Study', 4, 'None'),
	('PHI', '426', 'Philosophy of Physical Science', 4, 'Study of a major current issue in the philosophy of science such as scientific progress and change, scientific methods, experiment and theory, scientific explanation, rationality, scientific realism, relations between philosophy of science and history of science. Examples drawn from modern history of the physical sciences.');


insert into "Registration"."Course" (subject, course_number, title, credits, description)
values 
	('BIO', '105', 'Major Concepts of Biology', 3, 'Introduction to major concepts in biology. Topic sections emphasize specific areas including conservation biology, biotechnology, and current issues. Survey sections emphasize basic aspects of biology, including genetics, physiology and ecology. For students not planning to take additional biology courses.'),
	('BIO', '110', 'Introduction to Biology', 4, 'An introduction to the principles of biology, including the molecular and cellular basis of life, genetics, and biotechnology.'),
	('BIO', '111', 'Principles of Biology I', 3, 'Prerequisite for most other biology courses. Lecture covers the fundamental principles of biology including the molecular and cellular basis of life, genetics, and biotechnology.'),
	('BIO', '112', 'Principles of Biology II', 3, 'Prerequisite for 300-level courses and above. Fundamental principles of biology including botany, zoology, evolution, and ecology. A passing grade in lecture and laboratory must be achieved for successful completion of this course.'),
	('BIO', '271', 'Human Anatomy', 3, 'Human anatomy with study of skeletons, models, and anatomical preparations. Includes dissection of cat.'),
	('BIO', '277', 'Human Physiology', 3, 'Human physiology with emphasis on homeostatic mechanisms.'),
	('BIO', '280', 'Fundamentals of Microbiology', 4, 'General survey of microscopic life and its impact on medicine, public health, and the environment. Includes laboratory work with bacteria, emphasizing aseptic technique.'),
	('BIO', '301', 'Principles of Ecology', 4, 'Introduction to fundamentals of ecology. Principles relating to populations, communities and ecosystems. Particular emphasis placed on the many dimensions of interdependence within ecosystems.'),
	('BIO', '315', 'Ecology and Evolution Laboratory', 3, 'This course is designed to help students understand, via hands-on activities, how species and populations evolve and how species and individuals interact with one another and with their environment.'),
	('BIO', '330', 'Evolution', 3, 'Fundamental principles of evolutionary biology, including processes and patterns of biological evolution and an overview of the historical and contemporary biodiversity resulting from evolution.'),
	('BIO', '355', 'Cell Biology', 4, 'Study of cellular organization and function. Fundamental biochemical properties, including cellular components, enzyme function, energetics, and metabolism studied in relation to cellular structure, membrane function, cell movement, and cytoplasmic compartments.'),
	('BIO', '392', 'Genetics', 4, 'Concepts and principles of genetics, including Mendelian inheritance, linkage, the molecular basis of inheritance and gene expression, tools of genetic analysis, gene regulation, population genetics, and genetic diseases.'),
	('BIO', '401', 'Advanced Topics in Animal Ecology', 3, 'Directed readings in the literature of physiological ecology, growth and regulation of populations, community structure, energy flow, mineral cycling, and other areas of current research interest.'),
	('BIO', '402', 'Advanced Topics in Animal Physiology', 3, 'Study of physiological mechanisms; selected problems from current literature.'),
	('BIO', '406', 'Advanced Topics in Genetics', 4, 'Basic mechanisms of gene action in microbes, animals, and plants.'),
	('BIO', '407', 'Advanced Topics in Neurobiology', 4, 'Directed readings on fundamental physiological principles of nervous system functioning. Topics may include motor pattern generation, sensory transduction, sensori-motor integration, neurohormonal modulation of behavior.'),
	('BIO', '409', 'Advanced Topics in Microbiology', 4, 'Critical review of current research covering a wide range of topics including infectious diseases, bacterial physiology, marine microbiology, and immunology. Focus on students interests or needs.');


insert into "Registration"."Course" (subject, course_number, title, credits, description)
values 
	('PHY', '211', 'General Physics I', 3, 'Introduction of laws and properties of matter, sound, heat, optics, electricity, and magnetism. Algebra and trigonometry used in development of this material.'),
	('PHY', '212', 'General Physics II', 4, 'Introduction of laws and properties of matter, sound, heat, optics, electricity, and magnetism. Algebra and trigonometry used in development of this material.'),
	('PHY', '311', 'Intro to Experimental Methods', 3, 'Selected experiments with emphasis on laboratory techniques, methods of data analysis, knowledge of instrumentation, and the writing of laboratory reports. Intended to prepare students for research and advanced laboratory work.'),
	('PHY', '321', 'Introduction to Modern Physics', 3, 'Fundamental concepts of atomic, molecular, nuclear, and solid state physics from quantum-mechanical and special relativity points of view. Topics include special relativity, wave-particle dualism, Schrodinger equation, hydrogen atom, atomic spectra, nuclear structure, radioactivity, nuclear reactions, and molecular and solid state physics.'),
	('PHY', '323', 'Mechanics', 3, 'Mathematical treatment of classical kinematics and dynamics of a particle in a uniform field, in oscillatory motion and simple motions of systems of particles. Analytical and numerical techniques of problem solution stressed.'),
	('PHY', '325', 'Electricity and Magnetism I', 3, 'A study, developing and using techniques of vector algebra and calculus, of topics in the theory of static electric and magnetic fields including the divergence and Stokes theorems and the law of Gauss, Biot-Savart, and Ampere. Application to the properties of conductors, dielectric, and magnetic materials.'),
	('PHY', '327', 'Thermal Physics', 4, 'Properties of matter developed by combining thermodynamic reasoning with molecular theory.'),
	('PHY', '331', 'Experimental Physics', 4, 'Advanced courses in laboratory techniques as involved in special laboratory problems.'),
	('PHY', '351', 'Intro to Computational Physics', 3, 'Introduction to computational methods used in physics and engineering, including computational simulation of physical systems, numerical solution of mathematical problems, and familiarity with scientific programming tools.'),
	('PHY', '401', 'Physics Senior Seminar', 3, 'Topics from current physics literature, and presentations by students, faculty and guest lecturers. Oral reports on research topics. Attendance at weekly seminars required.'),
	('PHY', '411', 'Experimental Physics II', 4, 'Experiments investigating electrical phenomena, modern physics, and current faculty research. This course builds on experience from PHY 311. Intended to prepare students for graduate school or careers in research and development.'),
	('PHY', '412', 'Electronics for Scientists', 4, 'Electronic circuits useful for measurement, signal processing, and control. This course is especially designed to meet needs of experimental scientists.'),
	('PHY', '419', 'Advanced Laboratory', 3, 'Methods and techniques of electronic connection between computer and other devices and programming methods to facilitate use of the computer as a laboratory instrument are introduced. Assembly language used primarily.'),
	('PHY', '421', 'Quantum Mechanics', 3, 'Modern theories of matter are studied by applying quantum mechanics to atomic, molecular, nuclear, and solid state systems.'),
	('PHY', '423', 'Analytical Mechanics', 4, 'Classical laws of particle motion are extended to the treatment of general motion of a rigid body, noninertial reference frames, generalized coordinates, normal coordinates, and to topics and techniques based on calculus of variations.'),
	('PHY', '431', 'Astrophysics', 4, 'Stellar evolution through study of white dwarves and black holes; galaxy structure and cosmology. Observational project will use Three College Observatory. Intended as follow-up to introductory astronomy and physics.'),
	('PHY', '443', 'Biophysics', 4, 'Introduction to cellular biophysics, with emphasis on the physical properties of membranes, including membrane transport mechanisms and electrical properties of membranes.');


insert into "Registration"."Section" (subject, course_number, section_number, crn, active,
									capacity, start_date, location, campus, days, 
									start_time, end_time, waitlist_active, waitlist_capacity, xl_active, 
									xl_capacity, attribute, instructor_pin)
values 
	('CSC', '130', '01', '13412', 30, 30, '2024-08-23', 'Room1', 'Greensboro Campus', 'TTH', '2:00 PM', 
	'3:15 PM', 0, 5, 0, 5, null, '14269834'),
	('CSC', '130', '02', '97142', 0, 30, '2024-08-23', 'Room2', 'Greensboro Campus', 'MWF', '1:00 PM', 
	'1:50 PM', 0, 5, 0, 5, null, '14269834'),
	('CSC', '230', '01', '41234', 0, 25, '2024-08-23', 'Room3', 'Greensboro Campus', 'TTH', '12:00 PM', 
	'1:15 PM', 0, 5, 0, 5, null, '14269834'),
	('CSC', '230', '02', '61275', 0, 25, '2024-08-23', 'Room4', 'Greensboro Campus', 'TTH', '9:00 AM', 
	'9:50 AM', 0, 5, 0, 5, null, '14269834'),
	('CSC', '250', '01', '67312', 0, 27, '2024-08-23', 'Room2', 'Greensboro Campus', 'MWF', '10:00 AM', 
	'10:50 AM', 0, 5, 0, 5, null, '14269834'),
	('CSC', '250', '02', '15243', 0, 27, '2024-08-23', 'Room1', 'Greensboro Campus', 'MWF', '11:00 AM', 
	'11:50 AM', 0, 5, 0, 5, null, '14269834'),
	('CSC', '261', '01', '98723', 0, 30, '2024-08-23', 'Room2', 'Greensboro Campus', 'TTH', '5:00 PM', 
	'6:15 PM', 0, 5, 0, 5, null, '14269834'),
	('CSC', '261', '02', '75436', 0, 30, '2024-08-23', 'Room1', 'Greensboro Campus', 'MWF', '11:00 AM', 
	'11:50 AM', 0, 5, 0, 5, null, '14269834'),
	('CSC', '330', '01', '43216', 0, 30, '2024-08-23', 'Room1', 'Greensboro Campus', 'TTH', '2:00 PM', 
	'3:15 PM', 0, 5, 0, 5, null, '14269834'),
	('CSC', '330', '02', '84563', 0, 30, '2024-08-23', 'Room2', 'Greensboro Campus', 'MWF', '1:00 PM', 
	'1:50 PM', 0, 5, 0, 5, null, '14269834'),
	('CSC', '339', '01', '71753', 0, 25, '2024-08-23', 'Room3', 'Greensboro Campus', 'TTH', '12:00 PM', 
	'1:15 PM', 0, 5, 0, 5, null, '14269834'),
	('CSC', '339', '02', '74285', 0, 25, '2024-08-23', 'Room4', 'Greensboro Campus', 'TTH', '9:00 AM', 
	'9:50 AM', 0, 5, 0, 5, null, '14269834'),
	('CSC', '340', '01', '75734', 0, 27, '2024-08-23', 'Room2', 'Greensboro Campus', 'MWF', '10:00 AM', 
	'10:50 AM', 0, 5, 0, 5, null, '14269834'),
	('CSC', '340', '02', '71546', 0, 27, '2024-08-23', 'Room1', 'Greensboro Campus', 'MWF', '11:00 AM', 
	'11:50 AM', 0, 5, 0, 5, null, '14269834'),
	('CSC', '350', '01', '87456', 0, 30, '2024-08-23', 'Room2', 'Greensboro Campus', 'TTH', '5:00 PM', 
	'6:15 PM', 0, 5, 0, 5, null, '14269834'),
	('CSC', '350', '02', '71754', 0, 30, '2024-08-23', 'Room1', 'Greensboro Campus', 'MWF', '11:00 AM', 
	'11:50 AM', 0, 5, 0, 5, null, '14269834'),
	('CSC', '362', '01', '83485', 30, 30, '2024-08-23', 'Room1', 'Greensboro Campus', 'TTH', '2:00 PM', 
	'3:15 PM', 0, 5, 0, 5, null, '14269834'),
	('CSC', '362', '02', '74572', 0, 30, '2024-08-23', 'Room2', 'Greensboro Campus', 'MWF', '1:00 PM', 
	'1:50 PM', 0, 5, 0, 5, null, '14269834'),
	('CSC', '452', '01', '18456', 0, 25, '2024-08-23', 'Room3', 'Greensboro Campus', 'TTH', '12:00 PM', 
	'1:15 PM', 0, 5, 0, 5, null, '14269834'),
	('CSC', '452', '02', '65482', 0, 25, '2024-08-23', 'Room4', 'Greensboro Campus', 'TTH', '9:00 AM', 
	'9:50 AM', 0, 5, 0, 5, null, '14269834'),
	('CSC', '462', '01', '31864', 0, 27, '2024-08-23', 'Room2', 'Greensboro Campus', 'MWF', '10:00 AM', 
	'10:50 AM', 0, 5, 0, 5, null, '14269834'),
	('CSC', '462', '02', '34812', 0, 27, '2024-08-23', 'Room1', 'Greensboro Campus', 'MWF', '11:00 AM', 
	'11:50 AM', 0, 5, 0, 5, null, '14269834'),
	('CSC', '471', '01', '35481', 0, 30, '2024-08-23', 'Room2', 'Greensboro Campus', 'TTH', '5:00 PM', 
	'6:15 PM', 0, 5, 0, 5, null, '14269834'),
	('CSC', '471', '02', '64872', 0, 30, '2024-08-23', 'Room1', 'Greensboro Campus', 'MWF', '11:00 AM', 
	'11:50 AM', 0, 5, 0, 5, null, '14269834'),
	('CSC', '490', '01', '73852', 0, 30, '2024-08-23', 'Room1', 'Greensboro Campus', 'TTH', '2:00 PM', 
	'3:15 PM', 0, 5, 0, 5, null, '14269834'),
	('CSC', '490', '02', '27945', 0, 30, '2024-08-23', 'Room2', 'Greensboro Campus', 'MWF', '1:00 PM', 
	'1:50 PM', 0, 5, 0, 5, null, '14269834'),
	('CSC', '425', '01', '74593', 0, 25, '2024-08-23', 'Room3', 'Greensboro Campus', 'TTH', '12:00 PM', 
	'1:15 PM', 0, 5, 0, 5, null, '14269834'),
	('CSC', '425', '02', '75942', 0, 25, '2024-08-23', 'Room4', 'Greensboro Campus', 'TTH', '9:00 AM', 
	'9:50 AM', 0, 5, 0, 5, null, '14269834'),
	('CSC', '429', '01', '82568', 0, 27, '2024-08-23', 'Room2', 'Greensboro Campus', 'MWF', '10:00 AM', 
	'10:50 AM', 0, 5, 0, 5, null, '14269834'),
	('CSC', '429', '02', '82569', 0, 27, '2024-08-23', 'Room1', 'Greensboro Campus', 'MWF', '11:00 AM', 
	'11:50 AM', 0, 5, 0, 5, null, '14269834'),
	('CSC', '439', '01', '85413', 0, 30, '2024-08-23', 'Room2', 'Greensboro Campus', 'TTH', '5:00 PM', 
	'6:15 PM', 0, 5, 0, 5, null, '14269834'),
	('CSC', '439', '02', '82473', 0, 30, '2024-08-23', 'Room1', 'Greensboro Campus', 'MWF', '11:00 AM', 
	'11:50 AM', 0, 5, 0, 5, null, '14269834'),
	('CSC', '442', '01', '91873', 0, 30, '2024-08-23', 'Room2', 'Greensboro Campus', 'TTH', '5:00 PM', 
	'6:15 PM', 0, 5, 0, 5, null, '14269834'),
	('CSC', '442', '02', '93414', 0, 30, '2024-08-23', 'Room1', 'Greensboro Campus', 'MWF', '11:00 AM', 
	'11:50 AM', 0, 5, 0, 5, null, '14269834');


insert into "Registration"."Section" (subject, course_number, section_number, crn, active,
									capacity, start_date, location, campus, days, 
									start_time, end_time, waitlist_active, waitlist_capacity, xl_active, 
									xl_capacity, attribute, instructor_pin)
values 
	('MAT', '150', '01', '71562', 30, 30, '2024-08-23', 'Room1', 'Greensboro Campus', 'TTH', '2:00 PM', 
	'3:15 PM', 0, 5, 0, 5, null, '93428713'),
	('MAT', '150', '02', '92961', 0, 30, '2024-08-23', 'Room2', 'Greensboro Campus', 'MWF', '1:00 PM', 
	'1:50 PM', 0, 5, 0, 5, null, '93428713'),
	('MAT', '151', '01', '91832', 0, 25, '2024-08-23', 'Room3', 'Greensboro Campus', 'TTH', '12:00 PM', 
	'1:15 PM', 0, 5, 0, 5, null, '93428713'),
	('MAT', '151', '02', '98187', 0, 25, '2024-08-23', 'Room4', 'Greensboro Campus', 'TTH', '9:00 AM', 
	'9:50 AM', 0, 5, 0, 5, null, '93428713'),
	('MAT', '191', '01', '18646', 0, 27, '2024-08-23', 'Room2', 'Greensboro Campus', 'MWF', '10:00 AM', 
	'10:50 AM', 0, 5, 0, 5, null, '93428713'),
	('MAT', '191', '02', '83843', 0, 27, '2024-08-23', 'Room1', 'Greensboro Campus', 'MWF', '11:00 AM', 
	'11:50 AM', 0, 5, 0, 5, null, '93428713'),
	('MAT', '220', '01', '93957', 0, 30, '2024-08-23', 'Room2', 'Greensboro Campus', 'TTH', '5:00 PM', 
	'6:15 PM', 0, 5, 0, 5, null, '93428713'),
	('MAT', '220', '02', '15877', 0, 30, '2024-08-23', 'Room1', 'Greensboro Campus', 'MWF', '11:00 AM', 
	'11:50 AM', 0, 5, 0, 5, null, '93428713'),
	('MAT', '292', '01', '53862', 0, 30, '2024-08-23', 'Room1', 'Greensboro Campus', 'TTH', '2:00 PM', 
	'3:15 PM', 0, 5, 0, 5, null, '93428713'),
	('MAT', '292', '02', '84626', 0, 30, '2024-08-23', 'Room2', 'Greensboro Campus', 'MWF', '1:00 PM', 
	'1:50 PM', 0, 5, 0, 5, null, '93428713'),
	('MAT', '293', '01', '71784', 0, 25, '2024-08-23', 'Room3', 'Greensboro Campus', 'TTH', '12:00 PM', 
	'1:15 PM', 0, 5, 0, 5, null, '93428713'),
	('MAT', '293', '02', '13468', 0, 25, '2024-08-23', 'Room4', 'Greensboro Campus', 'TTH', '9:00 AM', 
	'9:50 AM', 0, 5, 0, 5, null, '93428713'),
	('MAT', '253', '01', '76346', 0, 27, '2024-08-23', 'Room2', 'Greensboro Campus', 'MWF', '10:00 AM', 
	'10:50 AM', 0, 5, 0, 5, null, '93428713'),
	('MAT', '253', '02', '37184', 0, 27, '2024-08-23', 'Room1', 'Greensboro Campus', 'MWF', '11:00 AM', 
	'11:50 AM', 0, 5, 0, 5, null, '93428713'),
	('MAT', '310', '01', '91658', 0, 30, '2024-08-23', 'Room2', 'Greensboro Campus', 'TTH', '5:00 PM', 
	'6:15 PM', 0, 5, 0, 5, null, '93428713'),
	('MAT', '310', '02', '48718', 0, 30, '2024-08-23', 'Room1', 'Greensboro Campus', 'MWF', '11:00 AM', 
	'11:50 AM', 0, 5, 0, 5, null, '93428713'),
	('MAT', '313', '01', '87347', 30, 30, '2024-08-23', 'Room1', 'Greensboro Campus', 'TTH', '2:00 PM', 
	'3:15 PM', 0, 5, 0, 5, null, '93428713'),
	('MAT', '313', '02', '19834', 0, 30, '2024-08-23', 'Room2', 'Greensboro Campus', 'MWF', '1:00 PM', 
	'1:50 PM', 0, 5, 0, 5, null, '93428713'),
	('MAT', '320', '01', '73184', 0, 25, '2024-08-23', 'Room3', 'Greensboro Campus', 'TTH', '12:00 PM', 
	'1:15 PM', 0, 5, 0, 5, null, '93428713'),
	('MAT', '320', '02', '58972', 0, 25, '2024-08-23', 'Room4', 'Greensboro Campus', 'TTH', '9:00 AM', 
	'9:50 AM', 0, 5, 0, 5, null, '93428713'),
	('MAT', '322', '01', '48941', 0, 27, '2024-08-23', 'Room2', 'Greensboro Campus', 'MWF', '10:00 AM', 
	'10:50 AM', 0, 5, 0, 5, null, '93428713'),
	('MAT', '322', '02', '79518', 0, 27, '2024-08-23', 'Room1', 'Greensboro Campus', 'MWF', '11:00 AM', 
	'11:50 AM', 0, 5, 0, 5, null, '93428713'),
	('MAT', '330', '01', '95428', 0, 30, '2024-08-23', 'Room2', 'Greensboro Campus', 'TTH', '5:00 PM', 
	'6:15 PM', 0, 5, 0, 5, null, '93428713'),
	('MAT', '330', '02', '62418', 0, 30, '2024-08-23', 'Room1', 'Greensboro Campus', 'MWF', '11:00 AM', 
	'11:50 AM', 0, 5, 0, 5, null, '93428713'),
	('MAT', '349', '01', '18647', 0, 30, '2024-08-23', 'Room1', 'Greensboro Campus', 'TTH', '2:00 PM', 
	'3:15 PM', 0, 5, 0, 5, null, '93428713'),
	('MAT', '349', '02', '48862', 0, 30, '2024-08-23', 'Room2', 'Greensboro Campus', 'MWF', '1:00 PM', 
	'1:50 PM', 0, 5, 0, 5, null, '93428713'),
	('MAT', '353', '01', '79514', 0, 25, '2024-08-23', 'Room3', 'Greensboro Campus', 'TTH', '12:00 PM', 
	'1:15 PM', 0, 5, 0, 5, null, '93428713'),
	('MAT', '353', '02', '85318', 0, 25, '2024-08-23', 'Room4', 'Greensboro Campus', 'TTH', '9:00 AM', 
	'9:50 AM', 0, 5, 0, 5, null, '93428713'),
	('MAT', '390', '01', '51876', 0, 27, '2024-08-23', 'Room2', 'Greensboro Campus', 'MWF', '10:00 AM', 
	'10:50 AM', 0, 5, 0, 5, null, '93428713'),
	('MAT', '390', '02', '28776', 0, 27, '2024-08-23', 'Room1', 'Greensboro Campus', 'MWF', '11:00 AM', 
	'11:50 AM', 0, 5, 0, 5, null, '93428713'),
	('MAT', '394', '01', '37954', 0, 30, '2024-08-23', 'Room2', 'Greensboro Campus', 'TTH', '5:00 PM', 
	'6:15 PM', 0, 5, 0, 5, null, '93428713'),
	('MAT', '394', '02', '97854', 0, 30, '2024-08-23', 'Room1', 'Greensboro Campus', 'MWF', '11:00 AM', 
	'11:50 AM', 0, 5, 0, 5, null, '93428713'),
	('MAT', '490', '01', '48512', 0, 30, '2024-08-23', 'Room2', 'Greensboro Campus', 'TTH', '5:00 PM', 
	'6:15 PM', 0, 5, 0, 5, null, '93428713'),
	('MAT', '490', '02', '57948', 0, 30, '2024-08-23', 'Room1', 'Greensboro Campus', 'MWF', '11:00 AM', 
	'11:50 AM', 0, 5, 0, 5, null, '93428713');


insert into "Registration"."Section" (subject, course_number, section_number, crn, active,
									capacity, start_date, location, campus, days, 
									start_time, end_time, waitlist_active, waitlist_capacity, xl_active, 
									xl_capacity, attribute, instructor_pin)
values 
	('HIS', '101', '01', '72381', 30, 30, '2024-08-23', 'Room1', 'Greensboro Campus', 'TTH', '2:00 PM', 
	'3:15 PM', 0, 5, 0, 5, null, '32196871'),
	('HIS', '101', '02', '78924', 0, 30, '2024-08-23', 'Room2', 'Greensboro Campus', 'MWF', '1:00 PM', 
	'1:50 PM', 0, 5, 0, 5, null, '32196871'),
	('HIS', '203', '01', '15876', 0, 25, '2024-08-23', 'Room3', 'Greensboro Campus', 'TTH', '12:00 PM', 
	'1:15 PM', 0, 5, 0, 5, null, '32196871'),
	('HIS', '203', '02', '48975', 0, 25, '2024-08-23', 'Room4', 'Greensboro Campus', 'TTH', '9:00 AM', 
	'9:50 AM', 0, 5, 0, 5, null, '32196871'),
	('HIS', '204', '01', '27891', 0, 27, '2024-08-23', 'Room2', 'Greensboro Campus', 'MWF', '10:00 AM', 
	'10:50 AM', 0, 5, 0, 5, null, '32196871'),
	('HIS', '204', '02', '31784', 0, 27, '2024-08-23', 'Room1', 'Greensboro Campus', 'MWF', '11:00 AM', 
	'11:50 AM', 0, 5, 0, 5, null, '32196871'),
	('HIS', '208', '01', '17894', 0, 30, '2024-08-23', 'Room2', 'Greensboro Campus', 'TTH', '5:00 PM', 
	'6:15 PM', 0, 5, 0, 5, null, '32196871'),
	('HIS', '208', '02', '13287', 0, 30, '2024-08-23', 'Room1', 'Greensboro Campus', 'MWF', '11:00 AM', 
	'11:50 AM', 0, 5, 0, 5, null, '32196871'),
	('HIS', '209', '01', '98542', 0, 30, '2024-08-23', 'Room1', 'Greensboro Campus', 'TTH', '2:00 PM', 
	'3:15 PM', 0, 5, 0, 5, null, '32196871'),
	('HIS', '209', '02', '65478', 0, 30, '2024-08-23', 'Room2', 'Greensboro Campus', 'MWF', '1:00 PM', 
	'1:50 PM', 0, 5, 0, 5, null, '32196871'),
	('HIS', '308', '01', '23186', 0, 25, '2024-08-23', 'Room3', 'Greensboro Campus', 'TTH', '12:00 PM', 
	'1:15 PM', 0, 5, 0, 5, null, '32196871'),
	('HIS', '308', '02', '67941', 0, 25, '2024-08-23', 'Room4', 'Greensboro Campus', 'TTH', '9:00 AM', 
	'9:50 AM', 0, 5, 0, 5, null, '32196871'),
	('HIS', '309', '01', '58764', 0, 27, '2024-08-23', 'Room2', 'Greensboro Campus', 'MWF', '10:00 AM', 
	'10:50 AM', 0, 5, 0, 5, null, '32196871'),
	('HIS', '309', '02', '17954', 0, 27, '2024-08-23', 'Room1', 'Greensboro Campus', 'MWF', '11:00 AM', 
	'11:50 AM', 0, 5, 0, 5, null, '32196871'),
	('HIS', '312', '01', '28467', 0, 30, '2024-08-23', 'Room2', 'Greensboro Campus', 'TTH', '5:00 PM', 
	'6:15 PM', 0, 5, 0, 5, null, '32196871'),
	('HIS', '312', '02', '94285', 0, 30, '2024-08-23', 'Room1', 'Greensboro Campus', 'MWF', '11:00 AM', 
	'11:50 AM', 0, 5, 0, 5, null, '32196871'),
	('HIS', '313', '01', '46782', 30, 30, '2024-08-23', 'Room1', 'Greensboro Campus', 'TTH', '2:00 PM', 
	'3:15 PM', 0, 5, 0, 5, null, '32196871'),
	('HIS', '313', '02', '37841', 0, 30, '2024-08-23', 'Room2', 'Greensboro Campus', 'MWF', '1:00 PM', 
	'1:50 PM', 0, 5, 0, 5, null, '32196871'),
	('HIS', '315', '01', '29748', 0, 25, '2024-08-23', 'Room3', 'Greensboro Campus', 'TTH', '12:00 PM', 
	'1:15 PM', 0, 5, 0, 5, null, '32196871'),
	('HIS', '315', '02', '84287', 0, 25, '2024-08-23', 'Room4', 'Greensboro Campus', 'TTH', '9:00 AM', 
	'9:50 AM', 0, 5, 0, 5, null, '32196871'),
	('HIS', '316', '01', '67674', 0, 27, '2024-08-23', 'Room2', 'Greensboro Campus', 'MWF', '10:00 AM', 
	'10:50 AM', 0, 5, 0, 5, null, '32196871'),
	('HIS', '316', '02', '18274', 0, 27, '2024-08-23', 'Room1', 'Greensboro Campus', 'MWF', '11:00 AM', 
	'11:50 AM', 0, 5, 0, 5, null, '32196871'),
	('HIS', '323', '01', '67814', 0, 30, '2024-08-23', 'Room2', 'Greensboro Campus', 'TTH', '5:00 PM', 
	'6:15 PM', 0, 5, 0, 5, null, '32196871'),
	('HIS', '323', '02', '28457', 0, 30, '2024-08-23', 'Room1', 'Greensboro Campus', 'MWF', '11:00 AM', 
	'11:50 AM', 0, 5, 0, 5, null, '32196871'),
	('HIS', '401', '01', '97581', 0, 30, '2024-08-23', 'Room1', 'Greensboro Campus', 'TTH', '2:00 PM', 
	'3:15 PM', 0, 5, 0, 5, null, '32196871'),
	('HIS', '401', '02', '27942', 0, 30, '2024-08-23', 'Room2', 'Greensboro Campus', 'MWF', '1:00 PM', 
	'1:50 PM', 0, 5, 0, 5, null, '32196871'),
	('HIS', '403', '01', '28467', 0, 25, '2024-08-23', 'Room3', 'Greensboro Campus', 'TTH', '12:00 PM', 
	'1:15 PM', 0, 5, 0, 5, null, '32196871'),
	('HIS', '403', '02', '28974', 0, 25, '2024-08-23', 'Room4', 'Greensboro Campus', 'TTH', '9:00 AM', 
	'9:50 AM', 0, 5, 0, 5, null, '32196871'),
	('HIS', '412', '01', '18972', 0, 27, '2024-08-23', 'Room2', 'Greensboro Campus', 'MWF', '10:00 AM', 
	'10:50 AM', 0, 5, 0, 5, null, '32196871'),
	('HIS', '412', '02', '28975', 0, 27, '2024-08-23', 'Room1', 'Greensboro Campus', 'MWF', '11:00 AM', 
	'11:50 AM', 0, 5, 0, 5, null, '32196871'),
	('HIS', '414', '01', '24685', 0, 30, '2024-08-23', 'Room2', 'Greensboro Campus', 'TTH', '5:00 PM', 
	'6:15 PM', 0, 5, 0, 5, null, '32196871'),
	('HIS', '414', '02', '37941', 0, 30, '2024-08-23', 'Room1', 'Greensboro Campus', 'MWF', '11:00 AM', 
	'11:50 AM', 0, 5, 0, 5, null, '32196871'),
	('HIS', '430', '01', '29748', 0, 30, '2024-08-23', 'Room2', 'Greensboro Campus', 'TTH', '5:00 PM', 
	'6:15 PM', 0, 5, 0, 5, null, '32196871'),
	('HIS', '430', '02', '23741', 0, 30, '2024-08-23', 'Room1', 'Greensboro Campus', 'MWF', '11:00 AM', 
	'11:50 AM', 0, 5, 0, 5, null, '32196871');


insert into "Registration"."Section" (subject, course_number, section_number, crn, active,
									capacity, start_date, location, campus, days, 
									start_time, end_time, waitlist_active, waitlist_capacity, xl_active, 
									xl_capacity, attribute, instructor_pin)
values 
	('PHI', '111', '01', '76318', 30, 30, '2024-08-23', 'Room1', 'Greensboro Campus', 'TTH', '2:00 PM', 
	'3:15 PM', 0, 5, 0, 5, null, '29776353'),
	('PHI', '111', '02', '49752', 0, 30, '2024-08-23', 'Room2', 'Greensboro Campus', 'MWF', '1:00 PM', 
	'1:50 PM', 0, 5, 0, 5, null, '29776353'),
	('PHI', '115', '01', '97548', 0, 25, '2024-08-23', 'Room3', 'Greensboro Campus', 'TTH', '12:00 PM', 
	'1:15 PM', 0, 5, 0, 5, null, '29776353'),
	('PHI', '115', '02', '21467', 0, 25, '2024-08-23', 'Room4', 'Greensboro Campus', 'TTH', '9:00 AM', 
	'9:50 AM', 0, 5, 0, 5, null, '29776353'),
	('PHI', '119', '01', '24148', 0, 27, '2024-08-23', 'Room2', 'Greensboro Campus', 'MWF', '10:00 AM', 
	'10:50 AM', 0, 5, 0, 5, null, '29776353'),
	('PHI', '119', '02', '34258', 0, 27, '2024-08-23', 'Room1', 'Greensboro Campus', 'MWF', '11:00 AM', 
	'11:50 AM', 0, 5, 0, 5, null, '29776353'),
	('PHI', '132', '01', '64228', 0, 30, '2024-08-23', 'Room2', 'Greensboro Campus', 'TTH', '5:00 PM', 
	'6:15 PM', 0, 5, 0, 5, null, '29776353'),
	('PHI', '132', '02', '31488', 0, 30, '2024-08-23', 'Room1', 'Greensboro Campus', 'MWF', '11:00 AM', 
	'11:50 AM', 0, 5, 0, 5, null, '29776353'),
	('PHI', '202', '01', '64588', 0, 30, '2024-08-23', 'Room1', 'Greensboro Campus', 'TTH', '2:00 PM', 
	'3:15 PM', 0, 5, 0, 5, null, '29776353'),
	('PHI', '202', '02', '31448', 0, 30, '2024-08-23', 'Room2', 'Greensboro Campus', 'MWF', '1:00 PM', 
	'1:50 PM', 0, 5, 0, 5, null, '29776353'),
	('PHI', '220', '01', '34387', 0, 25, '2024-08-23', 'Room3', 'Greensboro Campus', 'TTH', '12:00 PM', 
	'1:15 PM', 0, 5, 0, 5, null, '29776353'),
	('PHI', '220', '02', '64248', 0, 25, '2024-08-23', 'Room4', 'Greensboro Campus', 'TTH', '9:00 AM', 
	'9:50 AM', 0, 5, 0, 5, null, '29776353'),
	('PHI', '222', '01', '55487', 0, 27, '2024-08-23', 'Room2', 'Greensboro Campus', 'MWF', '10:00 AM', 
	'10:50 AM', 0, 5, 0, 5, null, '29776353'),
	('PHI', '222', '02', '97964', 0, 27, '2024-08-23', 'Room1', 'Greensboro Campus', 'MWF', '11:00 AM', 
	'11:50 AM', 0, 5, 0, 5, null, '29776353'),
	('PHI', '224', '01', '34795', 0, 30, '2024-08-23', 'Room2', 'Greensboro Campus', 'TTH', '5:00 PM', 
	'6:15 PM', 0, 5, 0, 5, null, '29776353'),
	('PHI', '224', '02', '34538', 0, 30, '2024-08-23', 'Room1', 'Greensboro Campus', 'MWF', '11:00 AM', 
	'11:50 AM', 0, 5, 0, 5, null, '29776353'),
	('PHI', '225', '01', '67521', 30, 30, '2024-08-23', 'Room1', 'Greensboro Campus', 'TTH', '2:00 PM', 
	'3:15 PM', 0, 5, 0, 5, null, '29776353'),
	('PHI', '225', '02', '97218', 0, 30, '2024-08-23', 'Room2', 'Greensboro Campus', 'MWF', '1:00 PM', 
	'1:50 PM', 0, 5, 0, 5, null, '29776353'),
	('PHI', '301', '01', '67275', 0, 25, '2024-08-23', 'Room3', 'Greensboro Campus', 'TTH', '12:00 PM', 
	'1:15 PM', 0, 5, 0, 5, null, '29776353'),
	('PHI', '301', '02', '97258', 0, 25, '2024-08-23', 'Room4', 'Greensboro Campus', 'TTH', '9:00 AM', 
	'9:50 AM', 0, 5, 0, 5, null, '29776353'),
	('PHI', '310', '01', '67562', 0, 27, '2024-08-23', 'Room2', 'Greensboro Campus', 'MWF', '10:00 AM', 
	'10:50 AM', 0, 5, 0, 5, null, '29776353'),
	('PHI', '310', '02', '97954', 0, 27, '2024-08-23', 'Room1', 'Greensboro Campus', 'MWF', '11:00 AM', 
	'11:50 AM', 0, 5, 0, 5, null, '29776353'),
	('PHI', '319', '01', '76287', 0, 30, '2024-08-23', 'Room2', 'Greensboro Campus', 'TTH', '5:00 PM', 
	'6:15 PM', 0, 5, 0, 5, null, '29776353'),
	('PHI', '319', '02', '67528', 0, 30, '2024-08-23', 'Room1', 'Greensboro Campus', 'MWF', '11:00 AM', 
	'11:50 AM', 0, 5, 0, 5, null, '29776353'),
	('PHI', '322', '01', '97528', 0, 30, '2024-08-23', 'Room1', 'Greensboro Campus', 'TTH', '2:00 PM', 
	'3:15 PM', 0, 5, 0, 5, null, '29776353'),
	('PHI', '322', '02', '67658', 0, 30, '2024-08-23', 'Room2', 'Greensboro Campus', 'MWF', '1:00 PM', 
	'1:50 PM', 0, 5, 0, 5, null, '29776353'),
	('PHI', '336', '01', '31285', 0, 25, '2024-08-23', 'Room3', 'Greensboro Campus', 'TTH', '12:00 PM', 
	'1:15 PM', 0, 5, 0, 5, null, '29776353'),
	('PHI', '336', '02', '64685', 0, 25, '2024-08-23', 'Room4', 'Greensboro Campus', 'TTH', '9:00 AM', 
	'9:50 AM', 0, 5, 0, 5, null, '29776353'),
	('PHI', '401', '01', '67685', 0, 27, '2024-08-23', 'Room2', 'Greensboro Campus', 'MWF', '10:00 AM', 
	'10:50 AM', 0, 5, 0, 5, null, '29776353'),
	('PHI', '401', '02', '25248', 0, 27, '2024-08-23', 'Room1', 'Greensboro Campus', 'MWF', '11:00 AM', 
	'11:50 AM', 0, 5, 0, 5, null, '29776353'),
	('PHI', '402', '01', '34385', 0, 30, '2024-08-23', 'Room2', 'Greensboro Campus', 'TTH', '5:00 PM', 
	'6:15 PM', 0, 5, 0, 5, null, '29776353'),
	('PHI', '402', '02', '58547', 0, 30, '2024-08-23', 'Room1', 'Greensboro Campus', 'MWF', '11:00 AM', 
	'11:50 AM', 0, 5, 0, 5, null, '29776353'),
	('PHI', '426', '01', '67895', 0, 30, '2024-08-23', 'Room2', 'Greensboro Campus', 'TTH', '5:00 PM', 
	'6:15 PM', 0, 5, 0, 5, null, '29776353'),
	('PHI', '426', '02', '34558', 0, 30, '2024-08-23', 'Room1', 'Greensboro Campus', 'MWF', '11:00 AM', 
	'11:50 AM', 0, 5, 0, 5, null, '29776353');


insert into "Registration"."Section" (subject, course_number, section_number, crn, active,
									capacity, start_date, location, campus, days, 
									start_time, end_time, waitlist_active, waitlist_capacity, xl_active, 
									xl_capacity, attribute, instructor_pin)
values 
	('BIO', '105', '01', '37891', 30, 30, '2024-08-23', 'Room1', 'Greensboro Campus', 'TTH', '2:00 PM', 
	'3:15 PM', 0, 5, 0, 5, null, '83678572'),
	('BIO', '105', '02', '73875', 0, 30, '2024-08-23', 'Room2', 'Greensboro Campus', 'MWF', '1:00 PM', 
	'1:50 PM', 0, 5, 0, 5, null, '83678572'),
	('BIO', '110', '01', '64862', 0, 25, '2024-08-23', 'Room3', 'Greensboro Campus', 'TTH', '12:00 PM', 
	'1:15 PM', 0, 5, 0, 5, null, '83678572'),
	('BIO', '110', '02', '27628', 0, 25, '2024-08-23', 'Room4', 'Greensboro Campus', 'TTH', '9:00 AM', 
	'9:50 AM', 0, 5, 0, 5, null, '83678572'),
	('BIO', '111', '01', '21485', 0, 27, '2024-08-23', 'Room2', 'Greensboro Campus', 'MWF', '10:00 AM', 
	'10:50 AM', 0, 5, 0, 5, null, '83678572'),
	('BIO', '111', '02', '67854', 0, 27, '2024-08-23', 'Room1', 'Greensboro Campus', 'MWF', '11:00 AM', 
	'11:50 AM', 0, 5, 0, 5, null, '83678572'),
	('BIO', '112', '01', '22142', 0, 30, '2024-08-23', 'Room2', 'Greensboro Campus', 'TTH', '5:00 PM', 
	'6:15 PM', 0, 5, 0, 5, null, '83678572'),
	('BIO', '112', '02', '31238', 0, 30, '2024-08-23', 'Room1', 'Greensboro Campus', 'MWF', '11:00 AM', 
	'11:50 AM', 0, 5, 0, 5, null, '83678572'),
	('BIO', '271', '01', '64865', 0, 30, '2024-08-23', 'Room1', 'Greensboro Campus', 'TTH', '2:00 PM', 
	'3:15 PM', 0, 5, 0, 5, null, '83678572'),
	('BIO', '271', '02', '97959', 0, 30, '2024-08-23', 'Room2', 'Greensboro Campus', 'MWF', '1:00 PM', 
	'1:50 PM', 0, 5, 0, 5, null, '83678572'),
	('BIO', '277', '01', '35566', 0, 25, '2024-08-23', 'Room3', 'Greensboro Campus', 'TTH', '12:00 PM', 
	'1:15 PM', 0, 5, 0, 5, null, '83678572'),
	('BIO', '277', '02', '97854', 0, 25, '2024-08-23', 'Room4', 'Greensboro Campus', 'TTH', '9:00 AM', 
	'9:50 AM', 0, 5, 0, 5, null, '83678572'),
	('BIO', '280', '01', '23452', 0, 27, '2024-08-23', 'Room2', 'Greensboro Campus', 'MWF', '10:00 AM', 
	'10:50 AM', 0, 5, 0, 5, null, '83678572'),
	('BIO', '280', '02', '79518', 0, 27, '2024-08-23', 'Room1', 'Greensboro Campus', 'MWF', '11:00 AM', 
	'11:50 AM', 0, 5, 0, 5, null, '83678572'),
	('BIO', '301', '01', '46845', 0, 30, '2024-08-23', 'Room2', 'Greensboro Campus', 'TTH', '5:00 PM', 
	'6:15 PM', 0, 5, 0, 5, null, '83678572'),
	('BIO', '301', '02', '55457', 0, 30, '2024-08-23', 'Room1', 'Greensboro Campus', 'MWF', '11:00 AM', 
	'11:50 AM', 0, 5, 0, 5, null, '83678572'),
	('BIO', '315', '01', '67854', 30, 30, '2024-08-23', 'Room1', 'Greensboro Campus', 'TTH', '2:00 PM', 
	'3:15 PM', 0, 5, 0, 5, null, '83678572'),
	('BIO', '315', '02', '21312', 0, 30, '2024-08-23', 'Room2', 'Greensboro Campus', 'MWF', '1:00 PM', 
	'1:50 PM', 0, 5, 0, 5, null, '83678572'),
	('BIO', '330', '01', '27476', 0, 25, '2024-08-23', 'Room3', 'Greensboro Campus', 'TTH', '12:00 PM', 
	'1:15 PM', 0, 5, 0, 5, null, '83678572'),
	('BIO', '330', '02', '56482', 0, 25, '2024-08-23', 'Room4', 'Greensboro Campus', 'TTH', '9:00 AM', 
	'9:50 AM', 0, 5, 0, 5, null, '83678572'),
	('BIO', '355', '01', '67648', 0, 27, '2024-08-23', 'Room2', 'Greensboro Campus', 'MWF', '10:00 AM', 
	'10:50 AM', 0, 5, 0, 5, null, '83678572'),
	('BIO', '355', '02', '55747', 0, 27, '2024-08-23', 'Room1', 'Greensboro Campus', 'MWF', '11:00 AM', 
	'11:50 AM', 0, 5, 0, 5, null, '83678572'),
	('BIO', '392', '01', '97954', 0, 30, '2024-08-23', 'Room2', 'Greensboro Campus', 'TTH', '5:00 PM', 
	'6:15 PM', 0, 5, 0, 5, null, '83678572'),
	('BIO', '392', '02', '32185', 0, 30, '2024-08-23', 'Room1', 'Greensboro Campus', 'MWF', '11:00 AM', 
	'11:50 AM', 0, 5, 0, 5, null, '83678572'),
	('BIO', '401', '01', '65465', 0, 30, '2024-08-23', 'Room1', 'Greensboro Campus', 'TTH', '2:00 PM', 
	'3:15 PM', 0, 5, 0, 5, null, '83678572'),
	('BIO', '401', '02', '97854', 0, 30, '2024-08-23', 'Room2', 'Greensboro Campus', 'MWF', '1:00 PM', 
	'1:50 PM', 0, 5, 0, 5, null, '83678572'),
	('BIO', '402', '01', '12457', 0, 25, '2024-08-23', 'Room3', 'Greensboro Campus', 'TTH', '12:00 PM', 
	'1:15 PM', 0, 5, 0, 5, null, '83678572'),
	('BIO', '402', '02', '98548', 0, 25, '2024-08-23', 'Room4', 'Greensboro Campus', 'TTH', '9:00 AM', 
	'9:50 AM', 0, 5, 0, 5, null, '83678572'),
	('BIO', '406', '01', '88582', 0, 27, '2024-08-23', 'Room2', 'Greensboro Campus', 'MWF', '10:00 AM', 
	'10:50 AM', 0, 5, 0, 5, null, '83678572'),
	('BIO', '406', '02', '76767', 0, 27, '2024-08-23', 'Room1', 'Greensboro Campus', 'MWF', '11:00 AM', 
	'11:50 AM', 0, 5, 0, 5, null, '83678572'),
	('BIO', '407', '01', '54528', 0, 30, '2024-08-23', 'Room2', 'Greensboro Campus', 'TTH', '5:00 PM', 
	'6:15 PM', 0, 5, 0, 5, null, '83678572'),
	('BIO', '407', '02', '64286', 0, 30, '2024-08-23', 'Room1', 'Greensboro Campus', 'MWF', '11:00 AM', 
	'11:50 AM', 0, 5, 0, 5, null, '83678572'),
	('BIO', '409', '01', '32823', 0, 30, '2024-08-23', 'Room2', 'Greensboro Campus', 'TTH', '5:00 PM', 
	'6:15 PM', 0, 5, 0, 5, null, '83678572'),
	('BIO', '409', '02', '13283', 0, 30, '2024-08-23', 'Room1', 'Greensboro Campus', 'MWF', '11:00 AM', 
	'11:50 AM', 0, 5, 0, 5, null, '83678572');


insert into "Registration"."Section" (subject, course_number, section_number, crn, active,
									capacity, start_date, location, campus, days, 
									start_time, end_time, waitlist_active, waitlist_capacity, xl_active, 
									xl_capacity, attribute, instructor_pin)
values 
	('PHY', '211', '01', '35796', 30, 30, '2024-08-23', 'Room1', 'Greensboro Campus', 'TTH', '2:00 PM', 
	'3:15 PM', 0, 5, 0, 5, null, '48298615'),
	('PHY', '211', '02', '33378', 0, 30, '2024-08-23', 'Room2', 'Greensboro Campus', 'MWF', '1:00 PM', 
	'1:50 PM', 0, 5, 0, 5, null, '48298615'),
	('PHY', '212', '01', '64821', 0, 25, '2024-08-23', 'Room3', 'Greensboro Campus', 'TTH', '12:00 PM', 
	'1:15 PM', 0, 5, 0, 5, null, '48298615'),
	('PHY', '212', '02', '67867', 0, 25, '2024-08-23', 'Room4', 'Greensboro Campus', 'TTH', '9:00 AM', 
	'9:50 AM', 0, 5, 0, 5, null, '48298615'),
	('PHY', '311', '01', '31234', 0, 27, '2024-08-23', 'Room2', 'Greensboro Campus', 'MWF', '10:00 AM', 
	'10:50 AM', 0, 5, 0, 5, null, '48298615'),
	('PHY', '311', '02', '46582', 0, 27, '2024-08-23', 'Room1', 'Greensboro Campus', 'MWF', '11:00 AM', 
	'11:50 AM', 0, 5, 0, 5, null, '48298615'),
	('PHY', '321', '01', '46449', 0, 30, '2024-08-23', 'Room2', 'Greensboro Campus', 'TTH', '5:00 PM', 
	'6:15 PM', 0, 5, 0, 5, null, '48298615'),
	('PHY', '321', '02', '76765', 0, 30, '2024-08-23', 'Room1', 'Greensboro Campus', 'MWF', '11:00 AM', 
	'11:50 AM', 0, 5, 0, 5, null, '48298615'),
	('PHY', '323', '01', '12876', 0, 30, '2024-08-23', 'Room1', 'Greensboro Campus', 'TTH', '2:00 PM', 
	'3:15 PM', 0, 5, 0, 5, null, '48298615'),
	('PHY', '323', '02', '97895', 0, 30, '2024-08-23', 'Room2', 'Greensboro Campus', 'MWF', '1:00 PM', 
	'1:50 PM', 0, 5, 0, 5, null, '48298615'),
	('PHY', '325', '01', '31585', 0, 25, '2024-08-23', 'Room3', 'Greensboro Campus', 'TTH', '12:00 PM', 
	'1:15 PM', 0, 5, 0, 5, null, '48298615'),
	('PHY', '325', '02', '55457', 0, 25, '2024-08-23', 'Room4', 'Greensboro Campus', 'TTH', '9:00 AM', 
	'9:50 AM', 0, 5, 0, 5, null, '48298615'),
	('PHY', '327', '01', '67685', 0, 27, '2024-08-23', 'Room2', 'Greensboro Campus', 'MWF', '10:00 AM', 
	'10:50 AM', 0, 5, 0, 5, null, '48298615'),
	('PHY', '327', '02', '64218', 0, 27, '2024-08-23', 'Room1', 'Greensboro Campus', 'MWF', '11:00 AM', 
	'11:50 AM', 0, 5, 0, 5, null, '48298615'),
	('PHY', '331', '01', '55124', 0, 30, '2024-08-23', 'Room2', 'Greensboro Campus', 'TTH', '5:00 PM', 
	'6:15 PM', 0, 5, 0, 5, null, '48298615'),
	('PHY', '331', '02', '21275', 0, 30, '2024-08-23', 'Room1', 'Greensboro Campus', 'MWF', '11:00 AM', 
	'11:50 AM', 0, 5, 0, 5, null, '48298615'),
	('PHY', '351', '01', '21875', 30, 30, '2024-08-23', 'Room1', 'Greensboro Campus', 'TTH', '2:00 PM', 
	'3:15 PM', 0, 5, 0, 5, null, '48298615'),
	('PHY', '351', '02', '27612', 0, 30, '2024-08-23', 'Room2', 'Greensboro Campus', 'MWF', '1:00 PM', 
	'1:50 PM', 0, 5, 0, 5, null, '48298615'),
	('PHY', '401', '01', '89795', 0, 25, '2024-08-23', 'Room3', 'Greensboro Campus', 'TTH', '12:00 PM', 
	'1:15 PM', 0, 5, 0, 5, null, '48298615'),
	('PHY', '401', '02', '37811', 0, 25, '2024-08-23', 'Room4', 'Greensboro Campus', 'TTH', '9:00 AM', 
	'9:50 AM', 0, 5, 0, 5, null, '48298615'),
	('PHY', '411', '01', '23234', 0, 27, '2024-08-23', 'Room2', 'Greensboro Campus', 'MWF', '10:00 AM', 
	'10:50 AM', 0, 5, 0, 5, null, '48298615'),
	('PHY', '411', '02', '64658', 0, 27, '2024-08-23', 'Room1', 'Greensboro Campus', 'MWF', '11:00 AM', 
	'11:50 AM', 0, 5, 0, 5, null, '48298615'),
	('PHY', '412', '01', '99979', 0, 30, '2024-08-23', 'Room2', 'Greensboro Campus', 'TTH', '5:00 PM', 
	'6:15 PM', 0, 5, 0, 5, null, '48298615'),
	('PHY', '412', '02', '56612', 0, 30, '2024-08-23', 'Room1', 'Greensboro Campus', 'MWF', '11:00 AM', 
	'11:50 AM', 0, 5, 0, 5, null, '48298615'),
	('PHY', '419', '01', '45525', 0, 30, '2024-08-23', 'Room1', 'Greensboro Campus', 'TTH', '2:00 PM', 
	'3:15 PM', 0, 5, 0, 5, null, '48298615'),
	('PHY', '419', '02', '78958', 0, 30, '2024-08-23', 'Room2', 'Greensboro Campus', 'MWF', '1:00 PM', 
	'1:50 PM', 0, 5, 0, 5, null, '48298615'),
	('PHY', '421', '01', '56274', 0, 25, '2024-08-23', 'Room3', 'Greensboro Campus', 'TTH', '12:00 PM', 
	'1:15 PM', 0, 5, 0, 5, null, '48298615'),
	('PHY', '421', '02', '37918', 0, 25, '2024-08-23', 'Room4', 'Greensboro Campus', 'TTH', '9:00 AM', 
	'9:50 AM', 0, 5, 0, 5, null, '48298615'),
	('PHY', '423', '01', '56488', 0, 27, '2024-08-23', 'Room2', 'Greensboro Campus', 'MWF', '10:00 AM', 
	'10:50 AM', 0, 5, 0, 5, null, '48298615'),
	('PHY', '423', '02', '58852', 0, 27, '2024-08-23', 'Room1', 'Greensboro Campus', 'MWF', '11:00 AM', 
	'11:50 AM', 0, 5, 0, 5, null, '48298615'),
	('PHY', '431', '01', '22324', 0, 30, '2024-08-23', 'Room2', 'Greensboro Campus', 'TTH', '5:00 PM', 
	'6:15 PM', 0, 5, 0, 5, null, '48298615'),
	('PHY', '431', '02', '12872', 0, 30, '2024-08-23', 'Room1', 'Greensboro Campus', 'MWF', '11:00 AM', 
	'11:50 AM', 0, 5, 0, 5, null, '48298615'),
	('PHY', '443', '01', '11318', 0, 30, '2024-08-23', 'Room2', 'Greensboro Campus', 'TTH', '5:00 PM', 
	'6:15 PM', 0, 5, 0, 5, null, '48298615'),
	('PHY', '443', '02', '74118', 0, 30, '2024-08-23', 'Room1', 'Greensboro Campus', 'MWF', '11:00 AM', 
	'11:50 AM', 0, 5, 0, 5, null, '48298615');


insert into "Registration"."Course_Requisite" (subject, course_number, req_course_subject,
											req_course_number)
values 
	('CSC', '230', 'CSC', '130'),
	('CSC', '250', 'CSC', '130'),
	('CSC', '261', 'CSC', '130'),
	('CSC', '330', 'CSC', '230'),
	('CSC', '330', 'CSC', '250'),
	('CSC', '339', 'CSC', '330'),
	('CSC', '340', 'CSC', '330'),
	('CSC', '350', 'CSC', '250'),
	('CSC', '362', 'CSC', '230'),
	('CSC', '362', 'CSC', '261'),
	('CSC', '452', 'CSC', '350'),
	('CSC', '462', 'CSC', '340'),
	('CSC', '462', 'CSC', '362'),
	('CSC', '471', 'CSC', '330'),
	('CSC', '429', 'CSC', '330'),
	('CSC', '429', 'CSC', '350'),
	('CSC', '439', 'CSC', '261'),
	('CSC', '439', 'CSC', '330'),
	('CSC', '442', 'CSC', '340'),
	('MAT', '151', 'MAT', '150'),
	('MAT', '191', 'MAT', '151'),
	('MAT', '220', 'MAT', '151'),
	('MAT', '292', 'MAT', '191'),
	('MAT', '293', 'MAT', '292'),
	('MAT', '310', 'MAT', '292'),
	('MAT', '313', 'MAT', '292'),
	('MAT', '320', 'MAT', '293'),
	('MAT', '322', 'MAT', '310'),
	('MAT', '330', 'MAT', '292'),
	('MAT', '390', 'MAT', '292'),
	('MAT', '394', 'MAT', '293'),
	('HIS', '430', 'HIS', '308'),
	('PHI', '319', 'PHI', '310'),
	('BIO', '280', 'BIO', '111'),
	('BIO', '301', 'BIO', '111'),
	('BIO', '301', 'BIO', '112'),
	('BIO', '315', 'BIO', '301'),
	('BIO', '330', 'BIO', '111'),
	('BIO', '330', 'BIO', '112'),
	('BIO', '355', 'BIO', '111'),
	('BIO', '355', 'BIO', '112'),
	('BIO', '392', 'BIO', '111'),
	('BIO', '392', 'BIO', '112'),
	('PHY', '211', 'MAT', '151'),
	('PHY', '212', 'PHY', '211'),
	('PHY', '327', 'PHY', '321'),
	('PHY', '411', 'PHY', '311'),
	('PHY', '412', 'PHY', '311'),
	('PHY', '419', 'PHY', '311'),
	('PHY', '421', 'PHY', '351'),
	('PHY', '423', 'PHY', '323'),
	('PHY', '431', 'PHY', '323'),
	('PHY', '443', 'PHY', '211');



insert into "Registration"."Major" (major_name)
values 
	('Math'),
	('Computer Science'),
	('Biology'),
	('Physics'),
	('Philosophy'),
	('History');


insert into "Registration"."Minor" (minor_name)
values 
	('Math'),
	('Computer Science'),
	('Biology'),
	('Physics'),
	('Philosophy'),
	('History');


insert into "Registration"."Student_Major" (student_pin, major_name)
values 
	('98513241', 'Computer Science'),
	('41236346', 'History'),
	('32187189', 'Math'),
	('32107423', 'Physics');


insert into "Registration"."Student_Minor" (student_pin, minor_name)
values 
	('98513241', 'Math'),
	('32107423', 'Computer Science');


insert into "Registration"."Major_Courses" (major_name, subject, course_number)
values 
	('Computer Science', 'CSC', '130'),
	('Computer Science', 'CSC', '230'),
	('Computer Science', 'CSC', '250'),
	('Computer Science', 'CSC', '261'),
	('Computer Science', 'CSC', '330'),
	('Computer Science', 'CSC', '339'),
	('Computer Science', 'CSC', '340'),
	('Computer Science', 'CSC', '350'),
	('Computer Science', 'CSC', '362'),
	('Computer Science', 'CSC', '452'),
	('Computer Science', 'CSC', '462'),
	('Computer Science', 'CSC', '471'),
	('Computer Science', 'CSC', '490'),
	('Computer Science', 'CSC', '429'),
	('Computer Science', 'CSC', '439'),
	('Computer Science', 'CSC', '442'),
	('Computer Science', 'CSC', '425'),
	('Math', 'MAT', '150'),
	('Math', 'MAT', '151'),
	('Math', 'MAT', '191'),
	('Math', 'MAT', '220'),
	('Math', 'MAT', '292'),
	('Math', 'MAT', '293'),
	('Math', 'MAT', '253'),
	('Math', 'MAT', '310'),
	('Math', 'MAT', '313'),
	('Math', 'MAT', '320'),
	('Math', 'MAT', '322'),
	('Math', 'MAT', '330'),
	('Math', 'MAT', '349'),
	('Math', 'MAT', '353'),
	('Math', 'MAT', '390'),
	('Math', 'MAT', '394'),
	('Math', 'MAT', '490'),
	('History', 'HIS', '101'),
	('History', 'HIS', '203'),
	('History', 'HIS', '204'),
	('History', 'HIS', '208'),
	('History', 'HIS', '209'),
	('History', 'HIS', '308'),
	('History', 'HIS', '309'),
	('History', 'HIS', '312'),
	('History', 'HIS', '313'),
	('History', 'HIS', '315'),
	('History', 'HIS', '316'),
	('History', 'HIS', '323'),
	('History', 'HIS', '401'),
	('History', 'HIS', '403'),
	('History', 'HIS', '412'),
	('History', 'HIS', '414'),
	('History', 'HIS', '430'),
	('Philosophy', 'PHI', '111'),
	('Philosophy', 'PHI', '115'),
	('Philosophy', 'PHI', '119'),
	('Philosophy', 'PHI', '132'),
	('Philosophy', 'PHI', '202'),
	('Philosophy', 'PHI', '220'),
	('Philosophy', 'PHI', '222'),
	('Philosophy', 'PHI', '224'),
	('Philosophy', 'PHI', '225'),
	('Philosophy', 'PHI', '301'),
	('Philosophy', 'PHI', '310'),
	('Philosophy', 'PHI', '319'),
	('Philosophy', 'PHI', '322'),
	('Philosophy', 'PHI', '336'),
	('Philosophy', 'PHI', '401'),
	('Philosophy', 'PHI', '402'),
	('Philosophy', 'PHI', '426'),
	('Biology', 'BIO', '105'),
	('Biology', 'BIO', '110'),
	('Biology', 'BIO', '111'),
	('Biology', 'BIO', '112'),
	('Biology', 'BIO', '271'),
	('Biology', 'BIO', '277'),
	('Biology', 'BIO', '280'),
	('Biology', 'BIO', '301'),
	('Biology', 'BIO', '315'),
	('Biology', 'BIO', '330'),
	('Biology', 'BIO', '355'),
	('Biology', 'BIO', '392'),
	('Biology', 'BIO', '401'),
	('Biology', 'BIO', '402'),
	('Biology', 'BIO', '406'),
	('Biology', 'BIO', '407'),
	('Biology', 'BIO', '409'),
	('Physics', 'PHY', '211'),
	('Physics', 'PHY', '212'),
	('Physics', 'PHY', '311'),
	('Physics', 'PHY', '321'),
	('Physics', 'PHY', '323'),
	('Physics', 'PHY', '325'),
	('Physics', 'PHY', '327'),
	('Physics', 'PHY', '331'),
	('Physics', 'PHY', '351'),
	('Physics', 'PHY', '401'),
	('Physics', 'PHY', '411'),
	('Physics', 'PHY', '412'),
	('Physics', 'PHY', '419'),
	('Physics', 'PHY', '421'),
	('Physics', 'PHY', '423'),
	('Physics', 'PHY', '431'),
	('Physics', 'PHY', '443');


insert into "Registration"."Minor_Courses" (minor_name, subject, course_number)
values 
	('Computer Science', 'CSC', '130'),
	('Computer Science', 'CSC', '230'),
	('Computer Science', 'CSC', '250'),
	('Computer Science', 'CSC', '261'),
	('Computer Science', 'CSC', '330'),
	('Computer Science', 'CSC', '339'),
	('Computer Science', 'CSC', '340'),
	('Math', 'MAT', '150'),
	('Math', 'MAT', '151'),
	('Math', 'MAT', '191'),
	('Math', 'MAT', '220'),
	('Math', 'MAT', '292'),
	('Math', 'MAT', '293'),
	('Math', 'MAT', '253'),
	('History', 'HIS', '101'),
	('History', 'HIS', '203'),
	('History', 'HIS', '204'),
	('History', 'HIS', '208'),
	('History', 'HIS', '209'),
	('History', 'HIS', '308'),
	('History', 'HIS', '309'),
	('History', 'HIS', '312'),
	('Philosophy', 'PHI', '111'),
	('Philosophy', 'PHI', '115'),
	('Philosophy', 'PHI', '119'),
	('Philosophy', 'PHI', '132'),
	('Philosophy', 'PHI', '202'),
	('Philosophy', 'PHI', '220'),
	('Philosophy', 'PHI', '222'),
	('Philosophy', 'PHI', '224'),
	('Biology', 'BIO', '105'),
	('Biology', 'BIO', '110'),
	('Biology', 'BIO', '111'),
	('Biology', 'BIO', '112'),
	('Biology', 'BIO', '271'),
	('Biology', 'BIO', '277'),
	('Biology', 'BIO', '280'),
	('Physics', 'PHY', '211'),
	('Physics', 'PHY', '212'),
	('Physics', 'PHY', '311'),
	('Physics', 'PHY', '321'),
	('Physics', 'PHY', '323'),
	('Physics', 'PHY', '325'),
	('Physics', 'PHY', '327');


insert into "Registration"."Student_Courses_Completed" (student_pin, subject, course_number, grade)
values 	
	('98513241', 'CSC', '130', 'A-'),
	('98513241', 'CSC', '230', 'A'),
	('98513241', 'CSC', '250', 'A-'),
	('98513241', 'CSC', '261', 'C'),
	('98513241', 'CSC', '330', 'A-'),
	('98513241', 'CSC', '339', 'C'),
	('98513241', 'CSC', '340', 'A-'),
	('98513241', 'CSC', '350', 'C'),
	('98513241', 'MAT', '150', 'A'),
	('98513241', 'MAT', '151', 'A-'),
	('98513241', 'MAT', '191', 'B'),
	('98513241', 'MAT', '220', 'A-'),
	('98513241', 'MAT', '292', 'B+');












	
